Name of Entity,State Reported,Entity Type,Individuals Affected,Reported Date,Type of Breach,Location of Breached Information,Source(s)
Center for Sight & Hearing,Illinois,Healthcare Provider,5319,2019-04-18 00:00:00,Hacking/IT Incident,Email,https://ocrportal.hhs.gov/ocr/breach/breach_report.jsf
Center for Sight & Hearing,Illinois,Healthcare Provider,5319,2019-04-18 00:00:00,Hacking/IT Incident,Email,https://ocrportal.hhs.gov/ocr/breach/breach_report.jsf
Minnesota Eye Consultants,Minnesota,Healthcare Provider,4556,2019-04-16 00:00:00,Improper Disposal,Paper/Films,https://ocrportal.hhs.gov/ocr/breach/breach_report.jsf
Center for Sight & Hearing,Illinois,Healthcare Provider,5319,2019-04-18 00:00:00,Hacking/IT Incident,Email,https://ocrportal.hhs.gov/ocr/breach/breach_report.jsf
Minnesota Eye Consultants,Minnesota,Healthcare Provider,4556,2019-04-16 00:00:00,Improper Disposal,Paper/Films,https://ocrportal.hhs.gov/ocr/breach/breach_report.jsf
Minnesota Eye Consultants,Minnesota,Healthcare Provider,4556,2019-04-16 00:00:00,Improper Disposal,Paper/Films,https://ocrportal.hhs.gov/ocr/breach/breach_report.jsf
Minnesota Eye Consultants,Minnesota,Healthcare Provider,4556,2019-04-16 00:00:00,Improper Disposal,Paper/Films,https://ocrportal.hhs.gov/ocr/breach/breach_report.jsf
Minnesota Eye Consultants,Minnesota,Healthcare Provider,4556,2019-04-16,Improper Disposal,Paper/Films,https://ocrportal.hhs.gov/ocr/breach/breach_report.jsf
Harbor,Ohio,Healthcare Provider,2290,2019-04-12,Hacking/IT Incident,Email,https://ocrportal.hhs.gov/ocr/breach/breach_report.jsf
"Riverplace Counseling Center, Inc.",Minnesota,Healthcare Provider,11639,2019-04-11,Hacking/IT Incident,Network Server,https://ocrportal.hhs.gov/ocr/breach/breach_report.jsf
Martinsburg VA Medical Center,West Virginia,Healthcare Provider,4882,2019-04-11,Unauthorized Access/Disclosure,Paper/Films,https://ocrportal.hhs.gov/ocr/breach/breach_report.jsf
Minnesota Department of Human Services,Minnesota,Healthcare Provider,10263,2019-04-09,Hacking/IT Incident,Email,https://ocrportal.hhs.gov/ocr/breach/breach_report.jsf
Metrocare Services,Texas,Healthcare Provider,5290,2019-04-05,Hacking/IT Incident,Email,https://ocrportal.hhs.gov/ocr/breach/breach_report.jsf
Baystate Health,Massachusetts,Healthcare Provider,11658,2019-04-05,Hacking/IT Incident,Email,https://ocrportal.hhs.gov/ocr/breach/breach_report.jsf
University Hospitals Rainbow Babies & Children's Hospital,Ohio,Healthcare Provider,838,2019-04-05,Unauthorized Access/Disclosure,Email,https://ocrportal.hhs.gov/ocr/breach/breach_report.jsf
"Gulf Coast Pain Consultants, LLC d/b/a Clearway Pain Solutions Institute",Florida,Healthcare Provider,35000,2019-04-05,Unauthorized Access/Disclosure,Electronic Medical Record,https://ocrportal.hhs.gov/ocr/breach/breach_report.jsf
"Health Recovery Services, Inc.",Ohio,Healthcare Provider,20485,2019-04-05,Unauthorized Access/Disclosure,Network Server,https://ocrportal.hhs.gov/ocr/breach/breach_report.jsf
"Klaussner Furniture Industries, Inc. Employee Benefits Plan (through its sponsor, Klaussner Furniture Industries, Inc.)",North Carolina,Health Plan,9352,2019-04-05,Hacking/IT Incident,Network Server,https://ocrportal.hhs.gov/ocr/breach/breach_report.jsf
OB Pharmacy,California,Healthcare Provider,3241,2019-04-03,Hacking/IT Incident,Desktop Computer,https://ocrportal.hhs.gov/ocr/breach/breach_report.jsf
Oregon Endodontic Group,Oregon,Healthcare Provider,2952,2019-04-02,Hacking/IT Incident,Email,https://ocrportal.hhs.gov/ocr/breach/breach_report.jsf
"International Rehabilitative Sciences Inc., dba RS Medical",Washington,Healthcare Provider,1911,2019-04-01,Hacking/IT Incident,Email,https://ocrportal.hhs.gov/ocr/breach/breach_report.jsf
"Myriad Genetic Laboratories, Inc.",Utah,Healthcare Provider,1719,2019-04-01,Unauthorized Access/Disclosure,Email,https://ocrportal.hhs.gov/ocr/breach/breach_report.jsf
Regional Health Medical Clinic - Flormann Street,South Dakota,Healthcare Provider,696,2019-04-01,Unauthorized Access/Disclosure,Paper/Films,https://ocrportal.hhs.gov/ocr/breach/breach_report.jsf
Burrell Behavioral Health,Missouri,Healthcare Provider,67493,2019-03-29,Hacking/IT Incident,Network Server,https://ocrportal.hhs.gov/ocr/breach/breach_report.jsf
Palmetto Health,South Carolina,Healthcare Provider,23811,2019-03-29,Hacking/IT Incident,Email,https://ocrportal.hhs.gov/ocr/breach/breach_report.jsf
"Womenâ€™s Health USA, Inc.",Connecticut,Business Associate,17531,2019-03-29,Hacking/IT Incident,"Desktop Computer, Email",https://ocrportal.hhs.gov/ocr/breach/breach_report.jsf
"Amerigroup Iowa, Inc.",Iowa,Business Associate,1191,2019-03-29,Unauthorized Access/Disclosure,Paper/Films,https://ocrportal.hhs.gov/ocr/breach/breach_report.jsf
Main Line Endoscopy Centers,Pennsylvania,Healthcare Provider,14305,2019-03-29,Hacking/IT Incident,Email,https://ocrportal.hhs.gov/ocr/breach/breach_report.jsf
DePaul,New York,Healthcare Provider,902,2019-03-27,Hacking/IT Incident,Email,https://ocrportal.hhs.gov/ocr/breach/breach_report.jsf
"Northeast Philadelphia Vascular Surgeons, P.C.",Pennsylvania,Healthcare Provider,8193,2019-03-27,Hacking/IT Incident,Network Server,https://ocrportal.hhs.gov/ocr/breach/breach_report.jsf
"GULFPORT ANESTHESIA SERVICES, PA",Mississippi,Healthcare Provider,20000,2019-03-26,Theft,Other,https://ocrportal.hhs.gov/ocr/breach/breach_report.jsf
Superior Dental Care Alliance,Ohio,Business Associate,38260,2019-03-25,Hacking/IT Incident,Email,https://ocrportal.hhs.gov/ocr/breach/breach_report.jsf
Superior Dental Care,Ohio,Health Plan,38260,2019-03-25,Hacking/IT Incident,Email,https://ocrportal.hhs.gov/ocr/breach/breach_report.jsf
Mayo Clinic,Minnesota,Healthcare Provider,1902,2019-03-22,Unauthorized Access/Disclosure,Other,https://ocrportal.hhs.gov/ocr/breach/breach_report.jsf
Human Development Center,Minnesota,Healthcare Provider,1200,2019-03-22,Hacking/IT Incident,Email,https://ocrportal.hhs.gov/ocr/breach/breach_report.jsf
Oregon Department of Human Services,Oregon,Business Associate,500,2019-03-22,Hacking/IT Incident,Email,https://ocrportal.hhs.gov/ocr/breach/breach_report.jsf
"Navicent Health, Inc.",Georgia,Healthcare Provider,278016,2019-03-22,Hacking/IT Incident,Email,https://ocrportal.hhs.gov/ocr/breach/breach_report.jsf
Providence Health Plan,Oregon,Health Plan,651,2019-03-19,Theft,Laptop,https://ocrportal.hhs.gov/ocr/breach/breach_report.jsf
ZOLL Services LLC,Pennsylvania,Healthcare Provider,277319,2019-03-18,Hacking/IT Incident,Network Server,https://ocrportal.hhs.gov/ocr/breach/breach_report.jsf
Frederick Memorial Hospitial,Maryland,Healthcare Provider,760,2019-03-18,Hacking/IT Incident,Email,https://ocrportal.hhs.gov/ocr/breach/breach_report.jsf
L.A. Care Health Plan,California,Health Plan,1506,2019-03-15,Unauthorized Access/Disclosure,Paper/Films,https://ocrportal.hhs.gov/ocr/breach/breach_report.jsf
Southern Hills Eye Care,Iowa,Healthcare Provider,11617,2019-03-15,Unauthorized Access/Disclosure,Network Server,https://ocrportal.hhs.gov/ocr/breach/breach_report.jsf
"LCP Transportation, Inc",Indiana,Business Associate,54528,2019-03-15,Unauthorized Access/Disclosure,Email,https://ocrportal.hhs.gov/ocr/breach/breach_report.jsf
All Florida Orthopaedics,Florida,Healthcare Provider,1700,2019-03-14,Unauthorized Access/Disclosure,Electronic Medical Record,https://ocrportal.hhs.gov/ocr/breach/breach_report.jsf
Arizona Health Care Cost Containment System,Arizona,Health Plan,3146,2019-03-11,Unauthorized Access/Disclosure,Paper/Films,https://ocrportal.hhs.gov/ocr/breach/breach_report.jsf
"Little Rock Cancer Clinic, P.A.",Arkansas,Healthcare Provider,3804,2019-03-11,Hacking/IT Incident,Network Server,https://ocrportal.hhs.gov/ocr/breach/breach_report.jsf
Emerson Hospital,Massachusetts,Healthcare Provider,6314,2019-03-08,Unauthorized Access/Disclosure,Other,https://ocrportal.hhs.gov/ocr/breach/breach_report.jsf
Verity Medical Foundation,California,Healthcare Provider,14894,2019-03-07,Hacking/IT Incident,Email,https://ocrportal.hhs.gov/ocr/breach/breach_report.jsf
"Oklahoma Heart Hospital, LLC",Oklahoma,Healthcare Provider,1221,2019-03-07,Theft,Desktop Computer,https://ocrportal.hhs.gov/ocr/breach/breach_report.jsf
Direct Scripts,Ohio,Healthcare Provider,9319,2019-03-06,Hacking/IT Incident,Network Server,https://ocrportal.hhs.gov/ocr/breach/breach_report.jsf
"Covenant Care California, LLC, on behalf of relevant affiliated nursing facilities",California,Healthcare Provider,7678,2019-03-06,Hacking/IT Incident,Email,https://ocrportal.hhs.gov/ocr/breach/breach_report.jsf
Maffi Clinics,Arizona,Healthcare Provider,10465,2019-03-06,Hacking/IT Incident,Network Server,https://ocrportal.hhs.gov/ocr/breach/breach_report.jsf
St. Francis Physician Services,South Carolina,Healthcare Provider,32178,2019-03-04,Hacking/IT Incident,Network Server,https://ocrportal.hhs.gov/ocr/breach/breach_report.jsf
"RSC Insurance Brokerage, Inc.",Massachusetts,Business Associate,2088,2019-03-01,Theft,Laptop,https://ocrportal.hhs.gov/ocr/breach/breach_report.jsf
"Arthritis & Rheumatism Associates, P.C.",Maryland,Healthcare Provider,500,2019-03-01,Hacking/IT Incident,Electronic Medical Record,https://ocrportal.hhs.gov/ocr/breach/breach_report.jsf
Pasquotank-Camden Emergency Medical Service,North Carolina,Healthcare Provider,20420,2019-02-28,Hacking/IT Incident,Network Server,https://ocrportal.hhs.gov/ocr/breach/breach_report.jsf
Rush University Medical Center,Illinois,Healthcare Provider,44924,2019-02-28,Unauthorized Access/Disclosure,Network Server,https://ocrportal.hhs.gov/ocr/breach/breach_report.jsf
Humana Inc,Kentucky,Health Plan,1447,2019-02-27,Hacking/IT Incident,Network Server,https://ocrportal.hhs.gov/ocr/breach/breach_report.jsf
West Virginia Public Employees Insurance Agency,West Virginia,Health Plan,1400,2019-02-27,Hacking/IT Incident,Network Server,https://ocrportal.hhs.gov/ocr/breach/breach_report.jsf
Molina Healthcare,California,Health Plan,895,2019-02-22,Hacking/IT Incident,Network Server,https://ocrportal.hhs.gov/ocr/breach/breach_report.jsf
"Delaware Guidance Services for Children and Youth, Inc.",Delaware,Healthcare Provider,50000,2019-02-22,Hacking/IT Incident,"Desktop Computer, Electronic Medical Record, Email, Laptop",https://ocrportal.hhs.gov/ocr/breach/breach_report.jsf
UConn Health,Connecticut,Healthcare Provider,326629,2019-02-21,Hacking/IT Incident,Email,https://ocrportal.hhs.gov/ocr/breach/breach_report.jsf
Rocky Boy Health Center,Montana,Healthcare Provider,6000,2019-02-21,Theft,Other,https://ocrportal.hhs.gov/ocr/breach/breach_report.jsf
"Rutland Hospital, Inc. d/b/a/ Rutland Regional Medical Center",Vermont,Healthcare Provider,72224,2019-02-20,Hacking/IT Incident,Email,https://ocrportal.hhs.gov/ocr/breach/breach_report.jsf
UW Medicine,Washington,Healthcare Provider,973024,2019-02-20,Hacking/IT Incident,Network Server,https://ocrportal.hhs.gov/ocr/breach/breach_report.jsf
Columbia Surgical Specialist of Spokane,Washington,Healthcare Provider,400000,2019-02-18,Hacking/IT Incident,Network Server,https://ocrportal.hhs.gov/ocr/breach/breach_report.jsf
"OneDigital/Digital Insurance, LLC",Georgia,Business Associate,2763,2019-02-15,Theft,Laptop,https://ocrportal.hhs.gov/ocr/breach/breach_report.jsf
California Physicians' Service d/b/a Blue Shield of California,California,Health Plan,18416,2019-02-15,Hacking/IT Incident,Network Server,https://ocrportal.hhs.gov/ocr/breach/breach_report.jsf
Kids Central Inc.,Florida,Business Associate,3250,2019-02-15,Unauthorized Access/Disclosure,Email,https://ocrportal.hhs.gov/ocr/breach/breach_report.jsf
Memorial Hospital at Gulfport,Mississippi,Healthcare Provider,30642,2019-02-15,Hacking/IT Incident,Email,https://ocrportal.hhs.gov/ocr/breach/breach_report.jsf
Blue Cross Blue Shield of Massachusetts,Massachusetts,Health Plan,1262,2019-02-15,Hacking/IT Incident,Email,https://ocrportal.hhs.gov/ocr/breach/breach_report.jsf
AltaMed Health Services Corporation,California,Healthcare Provider,6000,2019-02-15,Hacking/IT Incident,Network Server,https://ocrportal.hhs.gov/ocr/breach/breach_report.jsf
Portsmouth Community Health Center,Virginia,Healthcare Provider,12000,2019-02-14,Hacking/IT Incident,Network Server,https://ocrportal.hhs.gov/ocr/breach/breach_report.jsf
Rocky Mountain Health Care Services,Colorado,Healthcare Provider,971,2019-02-11,Hacking/IT Incident,Email,https://ocrportal.hhs.gov/ocr/breach/breach_report.jsf
"Sharecare Health Data Services, LLC",California,Business Associate,7300,2019-02-11,Hacking/IT Incident,Network Server,https://ocrportal.hhs.gov/ocr/breach/breach_report.jsf
"Crawford Wellness Center, Inc",Texas,Healthcare Provider,1500,2019-02-11,Theft,Paper/Films,https://ocrportal.hhs.gov/ocr/breach/breach_report.jsf
"Green Ridge Behavioral Health, LLC",Maryland,Healthcare Provider,14000,2019-02-11,Hacking/IT Incident,"Electronic Medical Record, Network Server",https://ocrportal.hhs.gov/ocr/breach/breach_report.jsf
"Kentucky Counseling Center, LLC",Kentucky,Healthcare Provider,16440,2019-02-11,Unauthorized Access/Disclosure,Electronic Medical Record,https://ocrportal.hhs.gov/ocr/breach/breach_report.jsf
Rush University Medical Center,Illinois,Healthcare Provider,908,2019-02-11,Unauthorized Access/Disclosure,Paper/Films,https://ocrportal.hhs.gov/ocr/breach/breach_report.jsf
"USR Holdings, LLC",Florida,Business Associate,2903,2019-02-08,Hacking/IT Incident,Network Server,https://ocrportal.hhs.gov/ocr/breach/breach_report.jsf
AZ Plastic Surgery Center,Arizona,Healthcare Provider,5524,2019-02-08,Hacking/IT Incident,Network Server,https://ocrportal.hhs.gov/ocr/breach/breach_report.jsf
AdventHealth Medical Group,Florida,Healthcare Provider,42161,2019-02-05,Hacking/IT Incident,Network Server,https://ocrportal.hhs.gov/ocr/breach/breach_report.jsf
"United Hospital District, Inc.",Minnesota,Healthcare Provider,2143,2019-02-04,Hacking/IT Incident,Email,https://ocrportal.hhs.gov/ocr/breach/breach_report.jsf
"Lakeland Care, Inc.",Wisconsin,Healthcare Provider,1300,2019-02-04,Hacking/IT Incident,Email,https://ocrportal.hhs.gov/ocr/breach/breach_report.jsf
Rainbow Dental Care PLLC,Texas,Healthcare Provider,10000,2019-02-04,Hacking/IT Incident,Desktop Computer,https://ocrportal.hhs.gov/ocr/breach/breach_report.jsf
Anesthesia Associates of Kansas City,Kansas,Healthcare Provider,3472,2019-02-01,Theft,Paper/Films,https://ocrportal.hhs.gov/ocr/breach/breach_report.jsf
"Reproductive Medicine and Infertility Associates, P.A.",Minnesota,Healthcare Provider,40000,2019-02-01,Hacking/IT Incident,"Desktop Computer, Network Server",https://ocrportal.hhs.gov/ocr/breach/breach_report.jsf
CHI - Lakewood Health,Minnesota,Healthcare Provider,885,2019-01-31,Unauthorized Access/Disclosure,Email,https://ocrportal.hhs.gov/ocr/breach/breach_report.jsf
CVS Pharmacy,Rhode Island,Healthcare Provider,5645,2019-01-30,Theft,Paper/Films,https://ocrportal.hhs.gov/ocr/breach/breach_report.jsf
Aetna,Connecticut,Health Plan,2030,2019-01-30,Hacking/IT Incident,Email,https://ocrportal.hhs.gov/ocr/breach/breach_report.jsf
"Cambridge Healthcare Services, LLC",California,Business Associate,10866,2019-01-29,Theft,Laptop,https://ocrportal.hhs.gov/ocr/breach/breach_report.jsf
Roper St. Francis Healthcare,South Carolina,Healthcare Provider,35253,2019-01-29,Hacking/IT Incident,Email,https://ocrportal.hhs.gov/ocr/breach/breach_report.jsf
"Lanier Family & Cosmetic Dentistry, P.C.",Georgia,Healthcare Provider,1950,2019-01-29,Unauthorized Access/Disclosure,Email,https://ocrportal.hhs.gov/ocr/breach/breach_report.jsf
Pawnee County Memorial Hospital,Nebraska,Healthcare Provider,7038,2019-01-28,Hacking/IT Incident,Email,https://ocrportal.hhs.gov/ocr/breach/breach_report.jsf
"Verity Health System of California, Inc.",California,Business Associate,2988,2019-01-26,Hacking/IT Incident,Email,https://ocrportal.hhs.gov/ocr/breach/breach_report.jsf
"Dr. DeLuca Dr. Marciano & Associates, P.C.",Connecticut,Healthcare Provider,23578,2019-01-25,Hacking/IT Incident,"Desktop Computer, Electronic Medical Record, Network Server",https://ocrportal.hhs.gov/ocr/breach/breach_report.jsf
Valley Professionals Community Health Center,Indiana,Healthcare Provider,12029,2019-01-25,Hacking/IT Incident,Email,https://ocrportal.hhs.gov/ocr/breach/breach_report.jsf
HealthFitness,Illinois,Business Associate,1808,2019-01-25,Unauthorized Access/Disclosure,Other,https://ocrportal.hhs.gov/ocr/breach/breach_report.jsf
Sunflower State Health Plan,Kansas,Health Plan,1625,2019-01-25,Unauthorized Access/Disclosure,Other,https://ocrportal.hhs.gov/ocr/breach/breach_report.jsf
"Unum Group, on behalf of its subsidiaries - Unum Life Insurance and Colonial Life & Accident Insurance",Tennessee,Health Plan,532,2019-01-24,Hacking/IT Incident,Email,https://ocrportal.hhs.gov/ocr/breach/breach_report.jsf
EyeSouth Partners,Georgia,Business Associate,24113,2019-01-23,Hacking/IT Incident,Email,https://ocrportal.hhs.gov/ocr/breach/breach_report.jsf
Stonehaven Dental,Texas,Healthcare Provider,6289,2019-01-22,Theft,Network Server,https://ocrportal.hhs.gov/ocr/breach/breach_report.jsf
"Critical Care, Pulmonary and Sleep Associates, PLLP",Colorado,Healthcare Provider,23377,2019-01-21,Hacking/IT Incident,Email,https://ocrportal.hhs.gov/ocr/breach/breach_report.jsf
Valley Hope Association,Kansas,Healthcare Provider,70799,2019-01-18,Hacking/IT Incident,Email,https://ocrportal.hhs.gov/ocr/breach/breach_report.jsf
Tri-Cities Chaplaincy,Washington,Healthcare Provider,1086,2019-01-18,Hacking/IT Incident,Email,https://ocrportal.hhs.gov/ocr/breach/breach_report.jsf
"FABEN Obstetrics and Gynecology, LLC",Florida,Healthcare Provider,6092,2019-01-18,Hacking/IT Incident,Network Server,https://ocrportal.hhs.gov/ocr/breach/breach_report.jsf
"Integrity, Inc. d/b/a Integrity House",New Jersey,Healthcare Provider,7206,2019-01-18,Theft,"Desktop Computer, Laptop",https://ocrportal.hhs.gov/ocr/breach/breach_report.jsf
"Las Colinas Orthopedic Surgery & Sports Medicine, PA",Texas,Healthcare Provider,76000,2019-01-18,Theft,Other Portable Electronic Device,https://ocrportal.hhs.gov/ocr/breach/breach_report.jsf
Humana Inc.,Kentucky,Health Plan,598,2019-01-15,Hacking/IT Incident,Other,https://ocrportal.hhs.gov/ocr/breach/breach_report.jsf
"Premier Specialties, Incorporated",Texas,Healthcare Provider,1300,2019-01-14,Unauthorized Access/Disclosure,Paper/Films,https://ocrportal.hhs.gov/ocr/breach/breach_report.jsf
Sacred Heart Rehabilitation Center,Michigan,Healthcare Provider,2266,2019-01-10,Unauthorized Access/Disclosure,Email,https://ocrportal.hhs.gov/ocr/breach/breach_report.jsf
Humana Inc,Kentucky,Health Plan,1211,2019-01-09,Unauthorized Access/Disclosure,Other,https://ocrportal.hhs.gov/ocr/breach/breach_report.jsf
"Family Physicians of Winter Park, Inc.",Kentucky,Healthcare Provider,8429,2019-01-08,Hacking/IT Incident,Email,https://ocrportal.hhs.gov/ocr/breach/breach_report.jsf
Dermacare Brickell,Florida,Healthcare Provider,1800,2019-01-07,Improper Disposal,Paper/Films,https://ocrportal.hhs.gov/ocr/breach/breach_report.jsf
NORTH ATLANTA MEDICAL CLINIC,Georgia,Healthcare Provider,2800,2019-01-06,Hacking/IT Incident,Desktop Computer,https://ocrportal.hhs.gov/ocr/breach/breach_report.jsf
Managed Health Services,Indiana,Health Plan,31300,2019-01-03,Hacking/IT Incident,Email,https://ocrportal.hhs.gov/ocr/breach/breach_report.jsf
Managed Health Services,Indiana,Health Plan,576,2019-01-03,Unauthorized Access/Disclosure,Paper/Films,https://ocrportal.hhs.gov/ocr/breach/breach_report.jsf
Centerstone Insurance and Financial Services (d/b/a BenefitMall),Texas,Business Associate,111589,2019-01-03,Hacking/IT Incident,Email,https://ocrportal.hhs.gov/ocr/breach/breach_report.jsf
Humana Inc,Kentucky,Health Plan,684,2018-12-31,Theft,Paper/Films,https://ocrportal.hhs.gov/ocr/breach/breach_report.jsf
Choice Rehabilitation,Missouri,Business Associate,4309,2018-12-29,Hacking/IT Incident,"Email, Laptop",https://ocrportal.hhs.gov/ocr/breach/breach_report.jsf
Wolverine Solutions Group,Michigan,Business Associate,48471,2018-12-28,Hacking/IT Incident,"Desktop Computer, Network Server",https://ocrportal.hhs.gov/ocr/breach/breach_report.jsf
WEA Insurance Corporation,Wisconsin,Health Plan,850,2018-12-27,Hacking/IT Incident,Email,https://ocrportal.hhs.gov/ocr/breach/breach_report.jsf
Kent County Community Mental Health Authority,Michigan,Healthcare Provider,2284,2018-12-21,Hacking/IT Incident,Email,https://ocrportal.hhs.gov/ocr/breach/breach_report.jsf
JAND Inc. d/b/a Warby Parker,New York,Healthcare Provider,177890,2018-12-20,Hacking/IT Incident,Network Server,https://ocrportal.hhs.gov/ocr/breach/breach_report.jsf
The Podiatric Offices of Bobby Yee,California,Healthcare Provider,24000,2018-12-20,Hacking/IT Incident,"Desktop Computer, Laptop, Other Portable Electronic Device",https://ocrportal.hhs.gov/ocr/breach/breach_report.jsf
Dermatologists of Southwest Ohio,Ohio,Healthcare Provider,733,2018-12-20,Improper Disposal,Paper/Films,https://ocrportal.hhs.gov/ocr/breach/breach_report.jsf
"Virtual Radiologic Professionals, LLC",Minnesota,Healthcare Provider,2568,2018-12-19,Hacking/IT Incident,Other,https://ocrportal.hhs.gov/ocr/breach/breach_report.jsf
Tift Regional Medical Center,Georgia,Healthcare Provider,1045,2018-12-18,Hacking/IT Incident,Email,https://ocrportal.hhs.gov/ocr/breach/breach_report.jsf
Barnes-Jewish Hospital,Missouri,Healthcare Provider,1643,2018-12-18,Hacking/IT Incident,Network Server,https://ocrportal.hhs.gov/ocr/breach/breach_report.jsf
University of Vermont Health Network - Elizabethtown Community Hospital,New York,Healthcare Provider,32470,2018-12-17,Hacking/IT Incident,Email,https://ocrportal.hhs.gov/ocr/breach/breach_report.jsf
Fort Defiance Indian Hospital,Arizona,Healthcare Provider,1000,2018-12-17,Hacking/IT Incident,Desktop Computer,https://ocrportal.hhs.gov/ocr/breach/breach_report.jsf
"Ben-Ora, Hansen & Vanesian Imaging, Ltd d/b/a Solis Mammography",Arizona,Healthcare Provider,500,2018-12-16,Theft,Desktop Computer,https://ocrportal.hhs.gov/ocr/breach/breach_report.jsf
Massachusetts General Hospital,Massachusetts,Healthcare Provider,588,2018-12-14,Unauthorized Access/Disclosure,Paper/Films,https://ocrportal.hhs.gov/ocr/breach/breach_report.jsf
Contra Costa Health Plan,California,Health Plan,862,2018-12-13,Unauthorized Access/Disclosure,"Electronic Medical Record, Email",https://ocrportal.hhs.gov/ocr/breach/breach_report.jsf
Smile Designs by Sandwick,Minnesota,Healthcare Provider,900,2018-12-13,Hacking/IT Incident,Other,https://ocrportal.hhs.gov/ocr/breach/breach_report.jsf
"Alpha-Omega Endocrinology, Diabetes and Metabolism Center, PC",Arizona,Healthcare Provider,1000,2018-12-12,Unauthorized Access/Disclosure,"Desktop Computer, Electronic Medical Record, Email, Network Server, Other, Other Portable Electronic Device, Paper/Films",https://ocrportal.hhs.gov/ocr/breach/breach_report.jsf
Adams County,Wisconsin,Healthcare Provider,258120,2018-12-11,Unauthorized Access/Disclosure,"Network Server, Other",https://ocrportal.hhs.gov/ocr/breach/breach_report.jsf
Ramsey County,Minnesota,Healthcare Provider,599,2018-12-11,Hacking/IT Incident,Email,https://ocrportal.hhs.gov/ocr/breach/breach_report.jsf
Butler County Board of County Commissioners,Ohio,Health Plan,1912,2018-12-04,Unauthorized Access/Disclosure,Email,https://ocrportal.hhs.gov/ocr/breach/breach_report.jsf
Georgia Department of Human Services,Georgia,Business Associate,435339,2018-11-30,Unauthorized Access/Disclosure,"Network Server, Other Portable Electronic Device",https://ocrportal.hhs.gov/ocr/breach/breach_report.jsf
"CHI Health Care, Inc.",Maryland,Healthcare Provider,722,2018-11-30,Unauthorized Access/Disclosure,"Other Portable Electronic Device, Paper/Films",https://ocrportal.hhs.gov/ocr/breach/breach_report.jsf
"Mind and Motion, LLC",Georgia,Healthcare Provider,16000,2018-11-30,Hacking/IT Incident,Network Server,https://ocrportal.hhs.gov/ocr/breach/breach_report.jsf
CCRM Dallas-Fort Worth,Texas,Healthcare Provider,1117,2018-11-30,Hacking/IT Incident,Email,https://ocrportal.hhs.gov/ocr/breach/breach_report.jsf
Thielen Student Health Center,Iowa,Healthcare Provider,599,2018-11-30,Unauthorized Access/Disclosure,Email,https://ocrportal.hhs.gov/ocr/breach/breach_report.jsf
"Prairie Fields Family Medicine, PC",Nebraska,Healthcare Provider,6450,2018-11-30,Unauthorized Access/Disclosure,Email,https://ocrportal.hhs.gov/ocr/breach/breach_report.jsf
"OrthoTexas Physicians and Surgeons, PLLC",Texas,Healthcare Provider,2172,2018-11-28,Unauthorized Access/Disclosure,Paper/Films,https://ocrportal.hhs.gov/ocr/breach/breach_report.jsf
Steward Medical Group,Massachusetts,Healthcare Provider,16276,2018-11-28,Hacking/IT Incident,Network Server,https://ocrportal.hhs.gov/ocr/breach/breach_report.jsf
"AccuDoc Solutions, Inc.",North Carolina,Business Associate,2652537,2018-11-27,Hacking/IT Incident,Network Server,https://ocrportal.hhs.gov/ocr/breach/breach_report.jsf
Cancer Treatment Centers of America (CTCA) at Western Regional Medical Center,Arizona,Healthcare Provider,41948,2018-11-26,Hacking/IT Incident,Email,https://ocrportal.hhs.gov/ocr/breach/breach_report.jsf
Mercy Medical Center- North Iowa,Iowa,Healthcare Provider,1971,2018-11-26,Unauthorized Access/Disclosure,Electronic Medical Record,https://ocrportal.hhs.gov/ocr/breach/breach_report.jsf
"East End Disability Associates, Inc.",New York,Healthcare Provider,896,2018-11-20,Hacking/IT Incident,Email,https://ocrportal.hhs.gov/ocr/breach/breach_report.jsf
Inova Health System,Virginia,Business Associate,857,2018-11-19,Hacking/IT Incident,Electronic Medical Record,https://ocrportal.hhs.gov/ocr/breach/breach_report.jsf
"James R. Etzkorn, MD",Missouri,Healthcare Provider,6845,2018-11-19,Unauthorized Access/Disclosure,Paper/Films,https://ocrportal.hhs.gov/ocr/breach/breach_report.jsf
"HealthEquity, Inc.",Utah,Business Associate,165800,2018-11-17,Hacking/IT Incident,Email,https://ocrportal.hhs.gov/ocr/breach/breach_report.jsf
"Texas VSI, LLC",Texas,Business Associate,500,2018-11-16,Hacking/IT Incident,Network Server,https://ocrportal.hhs.gov/ocr/breach/breach_report.jsf
"New York Oncology Hematology, P.C.",New York,Healthcare Provider,128400,2018-11-16,Hacking/IT Incident,Email,https://ocrportal.hhs.gov/ocr/breach/breach_report.jsf
Center for Vitreo-Retinal Diseases,Illinois,Healthcare Provider,20371,2018-11-16,Unauthorized Access/Disclosure,Network Server,https://ocrportal.hhs.gov/ocr/breach/breach_report.jsf
"Georgia Spine & Orthopaedics of Atlanta, LLC",Georgia,Healthcare Provider,7012,2018-11-16,Hacking/IT Incident,Email,https://ocrportal.hhs.gov/ocr/breach/breach_report.jsf
"American Medical Response, Inc.",Texas,Healthcare Provider,912,2018-11-09,Hacking/IT Incident,Email,https://ocrportal.hhs.gov/ocr/breach/breach_report.jsf
SUNY Upstate Medical University,New York,Healthcare Provider,1216,2018-11-09,Unauthorized Access/Disclosure,Electronic Medical Record,https://ocrportal.hhs.gov/ocr/breach/breach_report.jsf
Utah Healing Center,Utah,Healthcare Provider,543,2018-11-07,Unauthorized Access/Disclosure,Paper/Films,https://ocrportal.hhs.gov/ocr/breach/breach_report.jsf
"Southwest Washington Regional Surgery Center, LLC",Washington,Healthcare Provider,2393,2018-11-06,Hacking/IT Incident,Email,https://ocrportal.hhs.gov/ocr/breach/breach_report.jsf
Veterans Health Administration,District of Columbia,Healthcare Provider,19254,2018-11-06,Unauthorized Access/Disclosure,Paper/Films,https://ocrportal.hhs.gov/ocr/breach/breach_report.jsf
FHN Family Counseling Center,Illinois,Healthcare Provider,4458,2018-11-03,Theft,Laptop,https://ocrportal.hhs.gov/ocr/breach/breach_report.jsf
Rollins Brook Community Hospital,Texas,Healthcare Provider,5019,2018-11-02,Loss,Paper/Films,https://ocrportal.hhs.gov/ocr/breach/breach_report.jsf
Summit Medical Group,New Jersey,Healthcare Provider,525,2018-11-02,Loss,Paper/Films,https://ocrportal.hhs.gov/ocr/breach/breach_report.jsf
"Oprex Surgery (Baytown), L.P. d/b/a Altus Baytown Hospital",Texas,Healthcare Provider,40000,2018-11-02,Hacking/IT Incident,"Desktop Computer, Network Server",https://ocrportal.hhs.gov/ocr/breach/breach_report.jsf
Inova Health System,Virginia,Healthcare Provider,12331,2018-11-02,Theft,"Electronic Medical Record, Paper/Films",https://ocrportal.hhs.gov/ocr/breach/breach_report.jsf
Dallas County Mental Health Mental Retardation Center dba Metrocare Services,Texas,Healthcare Provider,1804,2018-11-01,Hacking/IT Incident,Email,https://ocrportal.hhs.gov/ocr/breach/breach_report.jsf
HealthFitness,Illinois,Business Associate,614,2018-10-28,Unauthorized Access/Disclosure,Other,https://ocrportal.hhs.gov/ocr/breach/breach_report.jsf
"Raley's/Bel Air Mart/Nob Hill General Store, Inc.",California,Healthcare Provider,10124,2018-10-26,Theft,Laptop,https://ocrportal.hhs.gov/ocr/breach/breach_report.jsf
"CNO Financial Group, Inc.",Indiana,Health Plan,566217,2018-10-25,Unauthorized Access/Disclosure,Other,https://ocrportal.hhs.gov/ocr/breach/breach_report.jsf
Missouri Department of Mental Health,Missouri,Healthcare Provider,9000,2018-10-24,Unauthorized Access/Disclosure,Other,https://ocrportal.hhs.gov/ocr/breach/breach_report.jsf
The Children's Hospital of Philadelphia,Pennsylvania,Healthcare Provider,5368,2018-10-23,Hacking/IT Incident,Email,https://ocrportal.hhs.gov/ocr/breach/breach_report.jsf
Day Kimball Healthcare,Connecticut,Healthcare Provider,698,2018-10-22,Unauthorized Access/Disclosure,Electronic Medical Record,https://ocrportal.hhs.gov/ocr/breach/breach_report.jsf
"CJ Elmwood Partners, L.P.",Iowa,Healthcare Provider,22416,2018-10-22,Hacking/IT Incident,Network Server,https://ocrportal.hhs.gov/ocr/breach/breach_report.jsf
"Jones Eye Center, P.C.",Iowa,Healthcare Provider,39605,2018-10-22,Hacking/IT Incident,Network Server,https://ocrportal.hhs.gov/ocr/breach/breach_report.jsf
Smith Dental Care,Texas,Healthcare Provider,5000,2018-10-17,Hacking/IT Incident,"Desktop Computer, Email",https://ocrportal.hhs.gov/ocr/breach/breach_report.jsf
Yale University,Connecticut,Healthcare Provider,1102,2018-10-17,Unauthorized Access/Disclosure,Paper/Films,https://ocrportal.hhs.gov/ocr/breach/breach_report.jsf
HealthFitness,Illinois,Business Associate,550,2018-10-15,Unauthorized Access/Disclosure,Other,https://ocrportal.hhs.gov/ocr/breach/breach_report.jsf
HealthFitness,Illinois,Business Associate,1332,2018-10-15,Unauthorized Access/Disclosure,Other,https://ocrportal.hhs.gov/ocr/breach/breach_report.jsf
Employees Retirement System of Texas,Texas,Health Plan,1248263,2018-10-15,Unauthorized Access/Disclosure,Other,https://ocrportal.hhs.gov/ocr/breach/breach_report.jsf
FirstCare Health Plans,Texas,Health Plan,8056,2018-10-12,Unauthorized Access/Disclosure,Email,https://ocrportal.hhs.gov/ocr/breach/breach_report.jsf
Catawba Valley Medical Center,North Carolina,Healthcare Provider,20000,2018-10-12,Hacking/IT Incident,Email,https://ocrportal.hhs.gov/ocr/breach/breach_report.jsf
Indiana University School of Medicine,Indiana,Healthcare Provider,1431,2018-10-11,Theft,Paper/Films,https://ocrportal.hhs.gov/ocr/breach/breach_report.jsf
The May Eye Care Center,Pennsylvania,Healthcare Provider,30000,2018-10-11,Hacking/IT Incident,"Desktop Computer, Network Server",https://ocrportal.hhs.gov/ocr/breach/breach_report.jsf
Hormone Logics,Florida,Healthcare Provider,3000,2018-10-10,Theft,"Desktop Computer, Email, Laptop, Network Server, Other Portable Electronic Device, Paper/Films",https://ocrportal.hhs.gov/ocr/breach/breach_report.jsf
Cigna,Connecticut,Health Plan,3500,2018-10-10,Hacking/IT Incident,Network Server,https://ocrportal.hhs.gov/ocr/breach/breach_report.jsf
Minnesota Department of Human Services,Minnesota,Health Plan,20800,2018-10-09,Hacking/IT Incident,Email,https://ocrportal.hhs.gov/ocr/breach/breach_report.jsf
Oklahoma Department of Human Services,Oklahoma,Health Plan,813,2018-10-08,Hacking/IT Incident,Paper/Films,https://ocrportal.hhs.gov/ocr/breach/breach_report.jsf
Dr. Robert Carpenter,Texas,Healthcare Provider,3000,2018-10-07,Hacking/IT Incident,Network Server,https://ocrportal.hhs.gov/ocr/breach/breach_report.jsf
Dr. Amy Woodruff,Texas,Healthcare Provider,10862,2018-10-07,Hacking/IT Incident,Network Server,https://ocrportal.hhs.gov/ocr/breach/breach_report.jsf
"Northwest Surgical Specialists, P.C.",Washington,Healthcare Provider,2050,2018-10-05,Hacking/IT Incident,Email,https://ocrportal.hhs.gov/ocr/breach/breach_report.jsf
Gold Coast Health Plan,California,Business Associate,37005,2018-10-05,Hacking/IT Incident,Email,https://ocrportal.hhs.gov/ocr/breach/breach_report.jsf
National Ambulatory Hernia Institute,California,Healthcare Provider,15974,2018-10-05,Hacking/IT Incident,Network Server,https://ocrportal.hhs.gov/ocr/breach/breach_report.jsf
"Tillamook Chiropractic, PC",Oregon,Healthcare Provider,4058,2018-10-03,Hacking/IT Incident,"Desktop Computer, Network Server",https://ocrportal.hhs.gov/ocr/breach/breach_report.jsf
"Reichert Prosthetics & Orthotics, LLC",Wisconsin,Healthcare Provider,3380,2018-09-28,Theft,Other Portable Electronic Device,https://ocrportal.hhs.gov/ocr/breach/breach_report.jsf
"Toyota Industries North America, Inc. as plan sponsor to the Toyota Industries North America, Inc. Welfare Benefit Plan",Indiana,Health Plan,19320,2018-09-28,Hacking/IT Incident,Email,https://ocrportal.hhs.gov/ocr/breach/breach_report.jsf
University of Michigan/Michigan Medicine,Michigan,Healthcare Provider,3624,2018-09-28,Unauthorized Access/Disclosure,Paper/Films,https://ocrportal.hhs.gov/ocr/breach/breach_report.jsf
J&J MEDICAL SERVICE NETWORK INC,Texas,Business Associate,2500,2018-09-25,Hacking/IT Incident,Network Server,https://ocrportal.hhs.gov/ocr/breach/breach_report.jsf
Ransom Memorial Hospital,Kansas,Healthcare Provider,14329,2018-09-25,Hacking/IT Incident,Email,https://ocrportal.hhs.gov/ocr/breach/breach_report.jsf
"Personal Assistance Services of Colorado, LLC",Colorado,Healthcare Provider,1839,2018-09-20,Hacking/IT Incident,Email,https://ocrportal.hhs.gov/ocr/breach/breach_report.jsf
"Pulse Systems, Inc.",Kansas,Business Associate,722,2018-09-19,Unauthorized Access/Disclosure,Paper/Films,https://ocrportal.hhs.gov/ocr/breach/breach_report.jsf
The University of Texas Health Science Center at Houston,Texas,Healthcare Provider,500,2018-09-18,Theft,Paper/Films,https://ocrportal.hhs.gov/ocr/breach/breach_report.jsf
"Independence Blue Cross, LLC",Pennsylvania,Business Associate,16762,2018-09-17,Unauthorized Access/Disclosure,Other,https://ocrportal.hhs.gov/ocr/breach/breach_report.jsf
"Guardant Health, Inc.",California,Healthcare Provider,1112,2018-09-14,Hacking/IT Incident,Email,https://ocrportal.hhs.gov/ocr/breach/breach_report.jsf
Blue Cross & Blue Shield of Rhode Island,Rhode Island,Health Plan,1567,2018-09-13,Unauthorized Access/Disclosure,Paper/Films,https://ocrportal.hhs.gov/ocr/breach/breach_report.jsf
Leominster Dermatology LLP,Massachusetts,Healthcare Provider,500,2018-09-13,Unauthorized Access/Disclosure,Paper/Films,https://ocrportal.hhs.gov/ocr/breach/breach_report.jsf
"Total Diagnostix II, LLC",Texas,Healthcare Provider,855,2018-09-12,Unauthorized Access/Disclosure,Network Server,https://ocrportal.hhs.gov/ocr/breach/breach_report.jsf
"Simonian Sports Medicine Clinic, A Medical Corporation",California,Healthcare Provider,1541,2018-09-10,Unauthorized Access/Disclosure,Network Server,https://ocrportal.hhs.gov/ocr/breach/breach_report.jsf
Ohio Living,Ohio,Healthcare Provider,6510,2018-09-07,Hacking/IT Incident,Email,https://ocrportal.hhs.gov/ocr/breach/breach_report.jsf
TMC HealthCare,Arizona,Healthcare Provider,1776,2018-09-07,Unauthorized Access/Disclosure,Paper/Films,https://ocrportal.hhs.gov/ocr/breach/breach_report.jsf
"Rockdale Blackhawk, LLC d/b/a Little River Healthcare",Texas,Healthcare Provider,1494,2018-09-07,Unauthorized Access/Disclosure,"Electronic Medical Record, Other",https://ocrportal.hhs.gov/ocr/breach/breach_report.jsf
Boston Health Care for the Homeless Program,Massachusetts,Healthcare Provider,861,2018-09-07,Unauthorized Access/Disclosure,Paper/Films,https://ocrportal.hhs.gov/ocr/breach/breach_report.jsf
"Catholic Charities Neighborhood Services, Inc.",New York,Healthcare Provider,565,2018-09-07,Hacking/IT Incident,Email,https://ocrportal.hhs.gov/ocr/breach/breach_report.jsf
J.A. Stokes Ltd.,Nevada,Healthcare Provider,3200,2018-09-05,Hacking/IT Incident,"Desktop Computer, Electronic Medical Record, Network Server",https://ocrportal.hhs.gov/ocr/breach/breach_report.jsf
Nebraska Department of Health and Human Services,Nebraska,Health Plan,516,2018-09-04,Unauthorized Access/Disclosure,Paper/Films,https://ocrportal.hhs.gov/ocr/breach/breach_report.jsf
Reliable Respiratory,Massachusetts,Healthcare Provider,21311,2018-09-01,Hacking/IT Incident,Email,https://ocrportal.hhs.gov/ocr/breach/breach_report.jsf
Port City Operating Company doing business as St. Joseph's Medical Center,California,Healthcare Provider,4984,2018-08-31,Loss,Other Portable Electronic Device,https://ocrportal.hhs.gov/ocr/breach/breach_report.jsf
Carpenters Benefit Funds of Philadelphia,Pennsylvania,Health Plan,20015,2018-08-31,Hacking/IT Incident,Email,https://ocrportal.hhs.gov/ocr/breach/breach_report.jsf
Hopebridge,Indiana,Healthcare Provider,1411,2018-08-31,Hacking/IT Incident,Email,https://ocrportal.hhs.gov/ocr/breach/breach_report.jsf
United Methodist Homes,New York,Healthcare Provider,843,2018-08-31,Unauthorized Access/Disclosure,Email,https://ocrportal.hhs.gov/ocr/breach/breach_report.jsf
"David G. Simon, DMD, PA, d/b/a Simon Orthodontics",Florida,Healthcare Provider,15129,2018-08-31,Hacking/IT Incident,Network Server,https://ocrportal.hhs.gov/ocr/breach/breach_report.jsf
Family Tree Relief Nursery,Oregon,Healthcare Provider,2000,2018-08-30,Hacking/IT Incident,Network Server,https://ocrportal.hhs.gov/ocr/breach/breach_report.jsf
"Greigh I. Hirata M.D. Inc, dba. Fetal Diagnostic Institute of the Pacific",Hawaii,Healthcare Provider,40800,2018-08-30,Hacking/IT Incident,Network Server,https://ocrportal.hhs.gov/ocr/breach/breach_report.jsf
South Alamo Medical Group P.A,Texas,Healthcare Provider,2180,2018-08-30,Unauthorized Access/Disclosure,"Electronic Medical Record, Email, Laptop, Network Server",https://ocrportal.hhs.gov/ocr/breach/breach_report.jsf
Crossroads Behavioral Health,Iowa,Healthcare Provider,5000,2018-08-28,Improper Disposal,Paper/Films,https://ocrportal.hhs.gov/ocr/breach/breach_report.jsf
First coast podiatric surgery and wound,Florida,Business Associate,500,2018-08-27,Unauthorized Access/Disclosure,Network Server,https://ocrportal.hhs.gov/ocr/breach/breach_report.jsf
Family Medical Group Northeast PC,Oregon,Healthcare Provider,2077,2018-08-22,Unauthorized Access/Disclosure,Desktop Computer,https://ocrportal.hhs.gov/ocr/breach/breach_report.jsf
"Health Management Concepts, Inc.",Florida,Business Associate,502416,2018-08-22,Hacking/IT Incident,Network Server,https://ocrportal.hhs.gov/ocr/breach/breach_report.jsf
Legacy Health,Oregon,Healthcare Provider,38000,2018-08-20,Hacking/IT Incident,Email,https://ocrportal.hhs.gov/ocr/breach/breach_report.jsf
"Acadiana Computer Systems, Inc.",Louisiana,Business Associate,31151,2018-08-17,Hacking/IT Incident,Email,https://ocrportal.hhs.gov/ocr/breach/breach_report.jsf
"Chapman & Chapman, Inc.",Ohio,Business Associate,2032,2018-08-17,Hacking/IT Incident,Email,https://ocrportal.hhs.gov/ocr/breach/breach_report.jsf
"Monroe Operations, LLC d/b/a Newport Academy and Center for Families",Tennessee,Healthcare Provider,1165,2018-08-17,Hacking/IT Incident,Email,https://ocrportal.hhs.gov/ocr/breach/breach_report.jsf
"Authentic Recovery Center, LLC",California,Healthcare Provider,1790,2018-08-17,Hacking/IT Incident,Email,https://ocrportal.hhs.gov/ocr/breach/breach_report.jsf
"Wardell Orthopaedics, P.C.",Virginia,Healthcare Provider,552,2018-08-16,Unauthorized Access/Disclosure,Other,https://ocrportal.hhs.gov/ocr/breach/breach_report.jsf
University Medical Center Physicians,Texas,Healthcare Provider,18500,2018-08-16,Hacking/IT Incident,Email,https://ocrportal.hhs.gov/ocr/breach/breach_report.jsf
"AU Medical Center, INC",Georgia,Healthcare Provider,417000,2018-08-16,Hacking/IT Incident,Email,https://ocrportal.hhs.gov/ocr/breach/breach_report.jsf
Gordon Schanzlin New Vision Institute,California,Healthcare Provider,1130,2018-08-10,Theft,Paper/Films,https://ocrportal.hhs.gov/ocr/breach/breach_report.jsf
Wells Pharmacy Network,Florida,Healthcare Provider,10000,2018-08-10,Unauthorized Access/Disclosure,"Email, Laptop, Other Portable Electronic Device",https://ocrportal.hhs.gov/ocr/breach/breach_report.jsf
"InterAct of Michigan, Inc.",Michigan,Healthcare Provider,1290,2018-08-07,Hacking/IT Incident,Email,https://ocrportal.hhs.gov/ocr/breach/breach_report.jsf
"CoreLink Administrative Solutions, LLC",North Dakota,Business Associate,1813,2018-08-06,Hacking/IT Incident,Email,https://ocrportal.hhs.gov/ocr/breach/breach_report.jsf
"Central Colorado Dermatology, PC",Colorado,Healthcare Provider,4065,2018-08-03,Hacking/IT Incident,Network Server,https://ocrportal.hhs.gov/ocr/breach/breach_report.jsf
"CoreSource, Inc.",Illinois,Business Associate,769,2018-08-03,Unauthorized Access/Disclosure,Other,https://ocrportal.hhs.gov/ocr/breach/breach_report.jsf
Kaiser Foundation Health Plan of Colorado,Colorado,Health Plan,900,2018-08-03,Unauthorized Access/Disclosure,Paper/Films,https://ocrportal.hhs.gov/ocr/breach/breach_report.jsf
Lane County Health & Human Services,Oregon,Healthcare Provider,715,2018-08-01,Loss,Paper/Films,https://ocrportal.hhs.gov/ocr/breach/breach_report.jsf
SSM Health St. Mary's Hospital - Jefferson City,Missouri,Healthcare Provider,301000,2018-07-30,Improper Disposal,Paper/Films,https://ocrportal.hhs.gov/ocr/breach/breach_report.jsf
Iowa Health System d/b/a UnityPoint Health,Iowa,Business Associate,1421107,2018-07-30,Hacking/IT Incident,Email,https://ocrportal.hhs.gov/ocr/breach/breach_report.jsf
Confluence Health,Washington,Healthcare Provider,33821,2018-07-27,Hacking/IT Incident,Email,https://ocrportal.hhs.gov/ocr/breach/breach_report.jsf
"Ambercare Corporation, Inc.",New Mexico,Healthcare Provider,2284,2018-07-27,Theft,Laptop,https://ocrportal.hhs.gov/ocr/breach/breach_report.jsf
Institute on Aging,California,Healthcare Provider,3907,2018-07-20,Hacking/IT Incident,Email,https://ocrportal.hhs.gov/ocr/breach/breach_report.jsf
Boys Town National Research Hospital,Nebraska,Healthcare Provider,105309,2018-07-20,Hacking/IT Incident,Email,https://ocrportal.hhs.gov/ocr/breach/breach_report.jsf
NorthStar Anesthesia,Texas,Healthcare Provider,19807,2018-07-20,Hacking/IT Incident,Email,https://ocrportal.hhs.gov/ocr/breach/breach_report.jsf
Orlando Orthopaedic Center,Florida,Healthcare Provider,19101,2018-07-20,Unauthorized Access/Disclosure,Network Server,https://ocrportal.hhs.gov/ocr/breach/breach_report.jsf
Fairbanks North Star Borough,Alaska,Healthcare Provider,6346,2018-07-19,Hacking/IT Incident,Network Server,https://ocrportal.hhs.gov/ocr/breach/breach_report.jsf
"Ruben U. Carvajal, MD",New York,Healthcare Provider,3775,2018-07-17,Hacking/IT Incident,"Desktop Computer, Electronic Medical Record",https://ocrportal.hhs.gov/ocr/breach/breach_report.jsf
Sunspire Health,New Jersey,Healthcare Provider,6737,2018-07-16,Hacking/IT Incident,Email,https://ocrportal.hhs.gov/ocr/breach/breach_report.jsf
PA Dept. of Human Services,Pennsylvania,Healthcare Provider,2130,2018-07-16,Unauthorized Access/Disclosure,Other,https://ocrportal.hhs.gov/ocr/breach/breach_report.jsf
Rocky Mountain Health Care Services,Colorado,Healthcare Provider,1087,2018-07-13,Theft,Laptop,https://ocrportal.hhs.gov/ocr/breach/breach_report.jsf
Alive Hospice,Tennessee,Healthcare Provider,1868,2018-07-13,Hacking/IT Incident,Email,https://ocrportal.hhs.gov/ocr/breach/breach_report.jsf
Central New York Cardiology,New York,Healthcare Provider,824,2018-07-13,Loss,Paper/Films,https://ocrportal.hhs.gov/ocr/breach/breach_report.jsf
Billings Clinic,Montana,Healthcare Provider,8435,2018-07-13,Hacking/IT Incident,Email,https://ocrportal.hhs.gov/ocr/breach/breach_report.jsf
"Midwestern Regional Medical Center, Inc.",Illinois,Healthcare Provider,2675,2018-07-12,Unauthorized Access/Disclosure,Other,https://ocrportal.hhs.gov/ocr/breach/breach_report.jsf
"Blue Springs Family Care, P.C.",Missouri,Healthcare Provider,44979,2018-07-10,Hacking/IT Incident,"Electronic Medical Record, Network Server",https://ocrportal.hhs.gov/ocr/breach/breach_report.jsf
MedEvolve,Arkansas,Business Associate,205434,2018-07-10,Unauthorized Access/Disclosure,Network Server,https://ocrportal.hhs.gov/ocr/breach/breach_report.jsf
GOLDEN HEART ADMINISTRATIVE PROFESSIONALS,Alaska,Business Associate,44600,2018-07-09,Hacking/IT Incident,Network Server,https://ocrportal.hhs.gov/ocr/breach/breach_report.jsf
"The Terteling Co., Inc., Group Benefit Plan",Idaho,Health Plan,4824,2018-07-06,Hacking/IT Incident,Email,https://ocrportal.hhs.gov/ocr/breach/breach_report.jsf
Overlake arthritis and Osteoporosis Center,Washington,Healthcare Provider,627,2018-07-06,Hacking/IT Incident,Desktop Computer,https://ocrportal.hhs.gov/ocr/breach/breach_report.jsf
VCU Health System,Virginia,Healthcare Provider,4686,2018-07-06,Unauthorized Access/Disclosure,Electronic Medical Record,https://ocrportal.hhs.gov/ocr/breach/breach_report.jsf
Health Alliance Plan,Michigan,Health Plan,2814,2018-07-05,Hacking/IT Incident,"Desktop Computer, Email",https://ocrportal.hhs.gov/ocr/breach/breach_report.jsf
"Physician Associates, LLC",Florida,Healthcare Provider,710,2018-07-03,Unauthorized Access/Disclosure,Other,https://ocrportal.hhs.gov/ocr/breach/breach_report.jsf
Advanced Orthopedic Center,Florida,Healthcare Provider,1647,2018-07-02,Hacking/IT Incident,Network Server,https://ocrportal.hhs.gov/ocr/breach/breach_report.jsf
Planned Parenthood of the Heartland,Iowa,Healthcare Provider,515,2018-06-29,Unauthorized Access/Disclosure,Paper/Films,https://ocrportal.hhs.gov/ocr/breach/breach_report.jsf
Hunt Memorial Hospital District,Texas,Healthcare Provider,1887,2018-06-29,Unauthorized Access/Disclosure,Email,https://ocrportal.hhs.gov/ocr/breach/breach_report.jsf
Arkansas Children's Hospital,Arkansas,Healthcare Provider,4521,2018-06-29,Unauthorized Access/Disclosure,Electronic Medical Record,https://ocrportal.hhs.gov/ocr/breach/breach_report.jsf
State of Alaska Department of Health and Social Services,Alaska,Health Plan,501,2018-06-28,Hacking/IT Incident,"Desktop Computer, Email",https://ocrportal.hhs.gov/ocr/breach/breach_report.jsf
Children's Mercy Hospital,Missouri,Healthcare Provider,1463,2018-06-27,Unauthorized Access/Disclosure,Other,https://ocrportal.hhs.gov/ocr/breach/breach_report.jsf
Community Cancer Center,Illinois,Healthcare Provider,500,2018-06-26,Hacking/IT Incident,"Desktop Computer, Network Server",https://ocrportal.hhs.gov/ocr/breach/breach_report.jsf
University of Michigan/Michigan Medicine,Michigan,Healthcare Provider,871,2018-06-25,Theft,Laptop,https://ocrportal.hhs.gov/ocr/breach/breach_report.jsf
"InfuSystem, Inc.",Michigan,Healthcare Provider,3882,2018-06-22,Hacking/IT Incident,Email,https://ocrportal.hhs.gov/ocr/breach/breach_report.jsf
"David S. Ng, O.D.",California,Healthcare Provider,758,2018-06-16,Theft,Other Portable Electronic Device,https://ocrportal.hhs.gov/ocr/breach/breach_report.jsf
New Jersey Department of Human Services,New Jersey,Health Plan,1263,2018-06-15,Unauthorized Access/Disclosure,Paper/Films,https://ocrportal.hhs.gov/ocr/breach/breach_report.jsf
CHRISTUS Spohn Hospital Corpus Christi-Shoreline,Texas,Healthcare Provider,1805,2018-06-15,Theft,Paper/Films,https://ocrportal.hhs.gov/ocr/breach/breach_report.jsf
Dean Health Plan,Wisconsin,Health Plan,1311,2018-06-15,Unauthorized Access/Disclosure,Paper/Films,https://ocrportal.hhs.gov/ocr/breach/breach_report.jsf
Gwenn S Robinson MD,New Mexico,Healthcare Provider,2500,2018-06-14,Hacking/IT Incident,Desktop Computer,https://ocrportal.hhs.gov/ocr/breach/breach_report.jsf
"Med Associates, Inc.",New York,Business Associate,276057,2018-06-14,Hacking/IT Incident,Desktop Computer,https://ocrportal.hhs.gov/ocr/breach/breach_report.jsf
Black River Medical Center,Missouri,Healthcare Provider,13443,2018-06-13,Hacking/IT Incident,Email,https://ocrportal.hhs.gov/ocr/breach/breach_report.jsf
"WellCare Health Plans, Inc.",Florida,Health Plan,1101,2018-06-13,Unauthorized Access/Disclosure,Other,https://ocrportal.hhs.gov/ocr/breach/breach_report.jsf
"HealthEquity, Inc.",Utah,Business Associate,16000,2018-06-12,Hacking/IT Incident,Email,https://ocrportal.hhs.gov/ocr/breach/breach_report.jsf
"Denise M. Bowden, LAc",California,Healthcare Provider,538,2018-06-11,Theft,Desktop Computer,https://ocrportal.hhs.gov/ocr/breach/breach_report.jsf
Healthland Inc.,Minnesota,Business Associate,614,2018-06-10,Unauthorized Access/Disclosure,Other,https://ocrportal.hhs.gov/ocr/breach/breach_report.jsf
Massac County Surgery Center dba Orthopaedic Institute Surgery Center,Illinois,Healthcare Provider,2000,2018-06-08,Hacking/IT Incident,Email,https://ocrportal.hhs.gov/ocr/breach/breach_report.jsf
"RISE Wisconsin, Inc.",Wisconsin,Healthcare Provider,3731,2018-06-07,Hacking/IT Incident,Network Server,https://ocrportal.hhs.gov/ocr/breach/breach_report.jsf
Benefit Outsourcing Solutions,Michigan,Business Associate,1144,2018-06-07,Unauthorized Access/Disclosure,Other,https://ocrportal.hhs.gov/ocr/breach/breach_report.jsf
Terros Incorporated,Arizona,Healthcare Provider,1618,2018-06-05,Hacking/IT Incident,Email,https://ocrportal.hhs.gov/ocr/breach/breach_report.jsf
Florida Agency for Persons with Disabilities,Florida,Health Plan,1951,2018-06-01,Unauthorized Access/Disclosure,Email,https://ocrportal.hhs.gov/ocr/breach/breach_report.jsf
Aflac,Georgia,Health Plan,10396,2018-05-29,Hacking/IT Incident,Email,https://ocrportal.hhs.gov/ocr/breach/breach_report.jsf
The Trustees of Purdue University,Indiana,Healthcare Provider,1711,2018-05-25,Hacking/IT Incident,Desktop Computer,https://ocrportal.hhs.gov/ocr/breach/breach_report.jsf
Aultman Hospital,Ohio,Healthcare Provider,42625,2018-05-25,Hacking/IT Incident,Email,https://ocrportal.hhs.gov/ocr/breach/breach_report.jsf
"Muir Medical Group, IPA, Inc.",California,Business Associate,5485,2018-05-22,Unauthorized Access/Disclosure,Network Server,https://ocrportal.hhs.gov/ocr/breach/breach_report.jsf
"Echo Canyon Healthcare, Incorporated dba Heritage Court Post Acute of Scottsdale",Arizona,Healthcare Provider,1765,2018-05-21,Theft,Paper/Films,https://ocrportal.hhs.gov/ocr/breach/breach_report.jsf
Holland Eye Surgery and Laser Center,Michigan,Healthcare Provider,42200,2018-05-18,Hacking/IT Incident,Desktop Computer,https://ocrportal.hhs.gov/ocr/breach/breach_report.jsf
Associates in Psychiatry and Psychology,Minnesota,Healthcare Provider,6546,2018-05-18,Hacking/IT Incident,Network Server,https://ocrportal.hhs.gov/ocr/breach/breach_report.jsf
"Capitol Administrators, Inc",California,Business Associate,1733,2018-05-11,Hacking/IT Incident,Email,https://ocrportal.hhs.gov/ocr/breach/breach_report.jsf
Boys Town National Research Hospital,Nebraska,,2182,2018-05-09,Hacking/IT Incident,Email,https://ocrportal.hhs.gov/ocr/breach/breach_report.jsf
"USACS Management Group, Ltd.",Ohio,Business Associate,15552,2018-05-08,Hacking/IT Incident,Email,https://ocrportal.hhs.gov/ocr/breach/breach_report.jsf
"Cerebral Palsy Research Foundation of Kansas, Inc.",Kansas,Healthcare Provider,8300,2018-05-08,Unauthorized Access/Disclosure,Network Server,https://ocrportal.hhs.gov/ocr/breach/breach_report.jsf
"Baystate Family Dental, Inc.",Massachusetts,Healthcare Provider,500,2018-05-04,Theft,Paper/Films,https://ocrportal.hhs.gov/ocr/breach/breach_report.jsf
Florida Hospital,Florida,Healthcare Provider,12724,2018-05-03,Hacking/IT Incident,Network Server,https://ocrportal.hhs.gov/ocr/breach/breach_report.jsf
"Complete Family Medicine, LLC",Nebraska,Healthcare Provider,1331,2018-04-30,Theft,"Laptop, Paper/Films",https://ocrportal.hhs.gov/ocr/breach/breach_report.jsf
Walgreen Co.,Illinois,Healthcare Provider,703,2018-04-27,Theft,Paper/Films,https://ocrportal.hhs.gov/ocr/breach/breach_report.jsf
"Knoxville Heart Group, Inc.",Tennessee,Healthcare Provider,15995,2018-04-27,Hacking/IT Incident,Email,https://ocrportal.hhs.gov/ocr/breach/breach_report.jsf
MedWatch LLC,Florida,Business Associate,40621,2018-04-27,Unauthorized Access/Disclosure,Network Server,https://ocrportal.hhs.gov/ocr/breach/breach_report.jsf
"Eye Care Surgery Center, Inc.",Louisiana,Healthcare Provider,2553,2018-04-27,Theft,Laptop,https://ocrportal.hhs.gov/ocr/breach/breach_report.jsf
"Tiger Vision, LLC",Louisiana,Healthcare Provider,2553,2018-04-27,Theft,Laptop,https://ocrportal.hhs.gov/ocr/breach/breach_report.jsf
"Carolina Digestive Health Associates, PA",North Carolina,Healthcare Provider,10988,2018-04-26,Unauthorized Access/Disclosure,Desktop Computer,https://ocrportal.hhs.gov/ocr/breach/breach_report.jsf
CareFirst BlueCross BlueShield,Maryland,Health Plan,6200,2018-04-26,Hacking/IT Incident,Email,https://ocrportal.hhs.gov/ocr/breach/breach_report.jsf
Illinois Department of Healthcare and Family Services,Illinois,Health Plan,8000,2018-04-26,Unauthorized Access/Disclosure,Paper/Films,https://ocrportal.hhs.gov/ocr/breach/breach_report.jsf
Scenic Bluffs Health Center Inc,Wisconsin,Healthcare Provider,2889,2018-04-24,Hacking/IT Incident,Email,https://ocrportal.hhs.gov/ocr/breach/breach_report.jsf
Riverside Medical Center,Illinois,Healthcare Provider,501,2018-04-20,Theft,"Desktop Computer, Other",https://ocrportal.hhs.gov/ocr/breach/breach_report.jsf
Michael Gruber DMD PA,New Jersey,Healthcare Provider,4624,2018-04-20,Hacking/IT Incident,"Desktop Computer, Email, Network Server",https://ocrportal.hhs.gov/ocr/breach/breach_report.jsf
Center for Orthopaedic Specialists - Providence Medical Institute (PMI),California,Healthcare Provider,81550,2018-04-18,Hacking/IT Incident,Network Server,https://ocrportal.hhs.gov/ocr/breach/breach_report.jsf
Kansas Department for Aging and Disability Services,Kansas,Healthcare Provider,11000,2018-04-17,Unauthorized Access/Disclosure,Desktop Computer,https://ocrportal.hhs.gov/ocr/breach/breach_report.jsf
Iowa Health System d/b/a UnityPoint Health,Iowa,Business Associate,16429,2018-04-16,Hacking/IT Incident,Email,https://ocrportal.hhs.gov/ocr/breach/breach_report.jsf
"Athens Heart Center, P.C.",Georgia,Healthcare Provider,12158,2018-04-16,Hacking/IT Incident,Electronic Medical Record,https://ocrportal.hhs.gov/ocr/breach/breach_report.jsf
Cornerstone Foot & Ankle,New Jersey,Healthcare Provider,533,2018-04-16,Unauthorized Access/Disclosure,Email,https://ocrportal.hhs.gov/ocr/breach/breach_report.jsf
"ATI Holdings, LLC and its subsidiaries",Illinois,Business Associate,1776,2018-04-13,Hacking/IT Incident,Email,https://ocrportal.hhs.gov/ocr/breach/breach_report.jsf
"MorshedEye, PLLC",Kentucky,Healthcare Provider,1100,2018-04-13,Unauthorized Access/Disclosure,Email,https://ocrportal.hhs.gov/ocr/breach/breach_report.jsf
"Polk County Health Services, Inc",Iowa,Health Plan,1071,2018-04-12,Unauthorized Access/Disclosure,Email,https://ocrportal.hhs.gov/ocr/breach/breach_report.jsf
Atchison Hospital Association,Kansas,Healthcare Provider,667,2018-04-11,Hacking/IT Incident,Network Server,https://ocrportal.hhs.gov/ocr/breach/breach_report.jsf
Henry Ford Health System,Michigan,Healthcare Provider,1658,2018-04-10,Loss,Other Portable Electronic Device,https://ocrportal.hhs.gov/ocr/breach/breach_report.jsf
"ViaTech Publishing Solutions, Inc.",Minnesota,Health Plan,896,2018-04-10,Unauthorized Access/Disclosure,Paper/Films,https://ocrportal.hhs.gov/ocr/breach/breach_report.jsf
"ViaTech Publishing Solutions, Inc.",Minnesota,Health Plan,2431,2018-04-10,Unauthorized Access/Disclosure,Paper/Films,https://ocrportal.hhs.gov/ocr/breach/breach_report.jsf
Walgreen Co.,Illinois,Healthcare Provider,910,2018-04-06,Theft,Other,https://ocrportal.hhs.gov/ocr/breach/breach_report.jsf
"Sonoma County Indian Health Project, Inc",California,Healthcare Provider,662,2018-03-30,Unauthorized Access/Disclosure,"Desktop Computer, Email",https://ocrportal.hhs.gov/ocr/breach/breach_report.jsf
Guardian Pharmacy of Jacksonville,Florida,Healthcare Provider,11521,2018-03-30,Hacking/IT Incident,Email,https://ocrportal.hhs.gov/ocr/breach/breach_report.jsf
Childrenâ€™s National Medical Center,District of Columbia,Healthcare Provider,722,2018-03-30,Theft,Laptop,https://ocrportal.hhs.gov/ocr/breach/breach_report.jsf
"Milligan Chiropractic Group, Inc. d/b/a Del Mar Chiropractic Sports Group",California,Healthcare Provider,2640,2018-03-30,Theft,Laptop,https://ocrportal.hhs.gov/ocr/breach/breach_report.jsf
NYC Health + Hospitals/Harlem,New York,Healthcare Provider,595,2018-03-29,Theft,Laptop,https://ocrportal.hhs.gov/ocr/breach/breach_report.jsf
Walmart Inc.,Arkansas,Healthcare Provider,741,2018-03-26,Unauthorized Access/Disclosure,"Email, Other",https://ocrportal.hhs.gov/ocr/breach/breach_report.jsf
City of Houston Medical Plan,Texas,Health Plan,34637,2018-03-22,Theft,Laptop,https://ocrportal.hhs.gov/ocr/breach/breach_report.jsf
"Primary Health Care, Inc.",Iowa,Healthcare Provider,10313,2018-03-16,Hacking/IT Incident,Email,https://ocrportal.hhs.gov/ocr/breach/breach_report.jsf
UnitedHealth Group Single Affiliated Covered Entity,Minnesota,Health Plan,1755,2018-03-15,Unauthorized Access/Disclosure,Paper/Films,https://ocrportal.hhs.gov/ocr/breach/breach_report.jsf
"ATI Holdings, LLC and its subsidiaries",Illinois,Healthcare Provider,35136,2018-03-12,Hacking/IT Incident,Email,https://ocrportal.hhs.gov/ocr/breach/breach_report.jsf
Barnes-Jewish St. Peters Hospital,Missouri,Healthcare Provider,15046,2018-03-12,Unauthorized Access/Disclosure,Network Server,https://ocrportal.hhs.gov/ocr/breach/breach_report.jsf
Barnes-Jewish Hospital,Missouri,Healthcare Provider,18436,2018-03-12,Unauthorized Access/Disclosure,Network Server,https://ocrportal.hhs.gov/ocr/breach/breach_report.jsf
"Front Range Dermatology Associates, P.C.",Colorado,Healthcare Provider,1070,2018-03-07,Unauthorized Access/Disclosure,"Electronic Medical Record, Email, Laptop",https://ocrportal.hhs.gov/ocr/breach/breach_report.jsf
John J. Pershing VA Medical Center,Missouri,Healthcare Provider,1843,2018-03-07,Unauthorized Access/Disclosure,Paper/Films,https://ocrportal.hhs.gov/ocr/breach/breach_report.jsf
"Esther V. Rettig, M.D., P.A.",Kansas,Healthcare Provider,13500,2018-03-01,Hacking/IT Incident,"Desktop Computer, Electronic Medical Record, Network Server",https://ocrportal.hhs.gov/ocr/breach/breach_report.jsf
Florida Agency Persons for Disabilities,Florida,Health Plan,63627,2018-03-01,Hacking/IT Incident,Email,https://ocrportal.hhs.gov/ocr/breach/breach_report.jsf
Memorial Hospital at Gulfport,Mississippi,Healthcare Provider,1512,2018-02-28,Unauthorized Access/Disclosure,Email,https://ocrportal.hhs.gov/ocr/breach/breach_report.jsf
St. Peter's Ambulatory Surgery Center LLC - d/b/a St. Peter's Surgery & Endoscopy Center,New York,Healthcare Provider,134512,2018-02-28,Hacking/IT Incident,Network Server,https://ocrportal.hhs.gov/ocr/breach/breach_report.jsf
"Union Lake Supermarket, LLC",New Jersey,Healthcare Provider,9956,2018-02-28,Improper Disposal,Other Portable Electronic Device,https://ocrportal.hhs.gov/ocr/breach/breach_report.jsf
FastHealth Corporation,Alabama,Business Associate,1345,2018-02-27,Hacking/IT Incident,Network Server,https://ocrportal.hhs.gov/ocr/breach/breach_report.jsf
Rhode Island Executive Office of Health and Human Services,Rhode Island,Health Plan,1100,2018-02-27,Unauthorized Access/Disclosure,Paper/Films,https://ocrportal.hhs.gov/ocr/breach/breach_report.jsf
"QuadMed, LLC (Hillenbrand)",Wisconsin,Healthcare Provider,2471,2018-02-26,Unauthorized Access/Disclosure,Electronic Medical Record,https://ocrportal.hhs.gov/ocr/breach/breach_report.jsf
"QuadMed, LLC (Stoughton Trailers)",Wisconsin,Healthcare Provider,2834,2018-02-26,Unauthorized Access/Disclosure,Electronic Medical Record,https://ocrportal.hhs.gov/ocr/breach/breach_report.jsf
Center for Sports Medicine and Orthopedics,Tennessee,Healthcare Provider,800,2018-02-26,Unauthorized Access/Disclosure,Paper/Films,https://ocrportal.hhs.gov/ocr/breach/breach_report.jsf
"Walmart, Inc.",Arkansas,Healthcare Provider,735,2018-02-22,Unauthorized Access/Disclosure,Electronic Medical Record,https://ocrportal.hhs.gov/ocr/breach/breach_report.jsf
Flexible Benefit Service Corporation,Illinois,Business Associate,5123,2018-02-16,Hacking/IT Incident,Email,https://ocrportal.hhs.gov/ocr/breach/breach_report.jsf
"Partners HealthCare System, Inc.",Massachusetts,Healthcare Provider,2450,2018-02-05,Hacking/IT Incident,"Desktop Computer, Network Server",https://ocrportal.hhs.gov/ocr/breach/breach_report.jsf
City of Detroit,Michigan,Healthcare Provider,544,2018-02-05,Loss,Other Portable Electronic Device,https://ocrportal.hhs.gov/ocr/breach/breach_report.jsf
"Coastal Cape Fear Eye Associates, P.A.",North Carolina,Healthcare Provider,925,2018-02-01,Hacking/IT Incident,"Desktop Computer, Network Server",https://ocrportal.hhs.gov/ocr/breach/breach_report.jsf
Children's Mercy Hospital,Missouri,Healthcare Provider,63049,2018-01-31,Hacking/IT Incident,Email,https://ocrportal.hhs.gov/ocr/breach/breach_report.jsf
"QuadMed, LLC (Whirlpool)",Wisconsin,Healthcare Provider,4549,2018-01-29,Unauthorized Access/Disclosure,Electronic Medical Record,https://ocrportal.hhs.gov/ocr/breach/breach_report.jsf
Decatur County General Hospital,Tennessee,Healthcare Provider,24000,2018-01-26,Hacking/IT Incident,Network Server,https://ocrportal.hhs.gov/ocr/breach/breach_report.jsf
Onco360 and CareMed Specialty Pharmacy,Kentucky,Healthcare Provider,53173,2018-01-12,Hacking/IT Incident,Email,https://ocrportal.hhs.gov/ocr/breach/breach_report.jsf
Palomar Health (Palomar Medical Center (Escondido),California,Healthcare Provider,1309,2018-01-08,Unauthorized Access/Disclosure,Electronic Medical Record,https://ocrportal.hhs.gov/ocr/breach/breach_report.jsf
Oklahoma State University Center for Health Sciences,Oklahoma,Healthcare Provider,279865,2018-01-05,Hacking/IT Incident,Network Server,https://ocrportal.hhs.gov/ocr/breach/breach_report.jsf
Penn Medicine,Pennsylvania,Healthcare Provider,1050,2018-01-02,Theft,Laptop,https://ocrportal.hhs.gov/ocr/breach/breach_report.jsf
SSM Health,Missouri,Healthcare Provider,29579,2017-12-28,Unauthorized Access/Disclosure,Electronic Medical Record,https://ocrportal.hhs.gov/ocr/breach/breach_report.jsf
"Miracle-Ear, Inc. and Amplifon (USA), Inc.",Minnesota,Business Associate,554,2017-12-28,Hacking/IT Incident,Email,https://ocrportal.hhs.gov/ocr/breach/breach_report.jsf
Blue Cross Blue Shield of Massachusetts,Massachusetts,Health Plan,1843,2017-12-26,Unauthorized Access/Disclosure,Email,https://ocrportal.hhs.gov/ocr/breach/breach_report.jsf
MidMichigan Medical Center-Alpena,Michigan,Healthcare Provider,1900,2017-12-19,Loss,Paper/Films,https://ocrportal.hhs.gov/ocr/breach/breach_report.jsf
Emory Healthcare,Georgia,Healthcare Provider,24000,2017-12-15,Unauthorized Access/Disclosure,Email,https://ocrportal.hhs.gov/ocr/breach/breach_report.jsf
Chilton Medical Center,New Jersey,Healthcare Provider,4600,2017-12-15,Theft,Other Portable Electronic Device,https://ocrportal.hhs.gov/ocr/breach/breach_report.jsf
NYU School of Medicine - Pediatric Surgery Associates,New York,Healthcare Provider,2158,2017-12-15,Improper Disposal,Paper/Films,https://ocrportal.hhs.gov/ocr/breach/breach_report.jsf
Pharmacy Innovations,New York,Healthcare Provider,1205,2017-12-12,Hacking/IT Incident,Network Server,https://ocrportal.hhs.gov/ocr/breach/breach_report.jsf
"Franciscan Physician Network of Illinois and Specialty Physicians of Illinois, LLC (formerly known as WellGroup Health Partners, LLC)",Illinois,Healthcare Provider,22000,2017-12-09,Loss,Paper/Films,https://ocrportal.hhs.gov/ocr/breach/breach_report.jsf
"Columbus Surgery Center, LLC",Nebraska,Healthcare Provider,7221,2017-12-07,Hacking/IT Incident,Network Server,https://ocrportal.hhs.gov/ocr/breach/breach_report.jsf
"Eye Physicians, P.C.",Nebraska,Healthcare Provider,2620,2017-12-07,Hacking/IT Incident,Network Server,https://ocrportal.hhs.gov/ocr/breach/breach_report.jsf
Austin Manual Therapy Associates,Texas,Healthcare Provider,1750,2017-12-06,Hacking/IT Incident,"Laptop, Network Server",https://ocrportal.hhs.gov/ocr/breach/breach_report.jsf
Bronson Healthcare Group,Michigan,Healthcare Provider,8256,2017-12-05,Hacking/IT Incident,Email,https://ocrportal.hhs.gov/ocr/breach/breach_report.jsf
Golden Rule Insurance Company,Indiana,Health Plan,9305,2017-12-04,Unauthorized Access/Disclosure,Network Server,https://ocrportal.hhs.gov/ocr/breach/breach_report.jsf
Sinai Health System,Illinois,Healthcare Provider,11347,2017-12-01,Hacking/IT Incident,Email,https://ocrportal.hhs.gov/ocr/breach/breach_report.jsf
Henry Ford Health System,Michigan,Healthcare Provider,43563,2017-12-01,Theft,Email,https://ocrportal.hhs.gov/ocr/breach/breach_report.jsf
"CCRM Minneapolis, P.C.",Minnesota,Healthcare Provider,3280,2017-12-01,Hacking/IT Incident,Network Server,https://ocrportal.hhs.gov/ocr/breach/breach_report.jsf
"Pulmonary Specialists of Louisville, PSC",Kentucky,Healthcare Provider,32000,2017-11-27,Hacking/IT Incident,Electronic Medical Record,https://ocrportal.hhs.gov/ocr/breach/breach_report.jsf
Metrocare Services,Texas,Healthcare Provider,500,2017-11-17,Hacking/IT Incident,Email,https://ocrportal.hhs.gov/ocr/breach/breach_report.jsf
"The Medical College of Wisconsin, Inc.",Wisconsin,Healthcare Provider,9500,2017-11-17,Hacking/IT Incident,Email,https://ocrportal.hhs.gov/ocr/breach/breach_report.jsf
"Sports Medicine & Rehabilitation Therapy, Inc.",Massachusetts,Healthcare Provider,7000,2017-11-14,Hacking/IT Incident,Network Server,https://ocrportal.hhs.gov/ocr/breach/breach_report.jsf
"Otolaryngology Associates of Central New Jersey, P.C.",New Jersey,Healthcare Provider,1551,2017-11-10,Theft,Paper/Films,https://ocrportal.hhs.gov/ocr/breach/breach_report.jsf
The Center For Health Care Services,Texas,Healthcare Provider,501,2017-11-08,Theft,Paper/Films,https://ocrportal.hhs.gov/ocr/breach/breach_report.jsf
Aetna Inc.,Connecticut,Health Plan,1600,2017-11-08,Unauthorized Access/Disclosure,Paper/Films,https://ocrportal.hhs.gov/ocr/breach/breach_report.jsf
Indiana University Health,Indiana,Healthcare Provider,1399,2017-11-03,Improper Disposal,Paper/Films,https://ocrportal.hhs.gov/ocr/breach/breach_report.jsf
"Shop-Rite Supermarkets, Incorporated",New York,Healthcare Provider,12172,2017-11-03,Improper Disposal,Other Portable Electronic Device,https://ocrportal.hhs.gov/ocr/breach/breach_report.jsf
Catholic Charities of the Diocese of Albany,New York,Healthcare Provider,4624,2017-10-27,Hacking/IT Incident,Network Server,https://ocrportal.hhs.gov/ocr/breach/breach_report.jsf
Cook County Health & Hospitals System,Illinois,Healthcare Provider,727,2017-10-27,Unauthorized Access/Disclosure,Network Server,https://ocrportal.hhs.gov/ocr/breach/breach_report.jsf
"Arch City Dental, LLC - Drs. Baloy and Donatelli",Ohio,Healthcare Provider,1716,2017-10-26,Unauthorized Access/Disclosure,Email,https://ocrportal.hhs.gov/ocr/breach/breach_report.jsf
TJ Samson Community Hospital,Kentucky,Healthcare Provider,683,2017-10-24,Unauthorized Access/Disclosure,Electronic Medical Record,https://ocrportal.hhs.gov/ocr/breach/breach_report.jsf
Iowa Department of Human Services,Iowa,Health Plan,820,2017-10-20,Hacking/IT Incident,Email,https://ocrportal.hhs.gov/ocr/breach/breach_report.jsf
Bridget P Early MD LLC d/b/a Namaste Health Care,Missouri,Healthcare Provider,1617,2017-10-12,Hacking/IT Incident,Network Server,https://ocrportal.hhs.gov/ocr/breach/breach_report.jsf
John Hancock Life Insurance Company (U.S.A.),Massachusetts,Health Plan,1715,2017-10-06,Hacking/IT Incident,Network Server,https://ocrportal.hhs.gov/ocr/breach/breach_report.jsf
Briggs & Stratton Corporation,Wisconsin,Health Plan,12789,2017-09-29,Hacking/IT Incident,"Desktop Computer, Laptop, Network Server",https://ocrportal.hhs.gov/ocr/breach/breach_report.jsf
"Riaz Baber, M.D., S.C.",Illinois,Healthcare Provider,10500,2017-09-28,Unauthorized Access/Disclosure,Paper/Films,https://ocrportal.hhs.gov/ocr/breach/breach_report.jsf
MN Urology,Minnesota,Healthcare Provider,939,2017-09-18,Unauthorized Access/Disclosure,Email,https://ocrportal.hhs.gov/ocr/breach/breach_report.jsf
"W. W. Grainger, Inc.",Illinois,Health Plan,1594,2017-09-18,Theft,Laptop,https://ocrportal.hhs.gov/ocr/breach/breach_report.jsf
The MS Center of Saint Louis and Mercy Clinic Neurology - Town and Country,Missouri,Healthcare Provider,1081,2017-09-16,Unauthorized Access/Disclosure,Other,https://ocrportal.hhs.gov/ocr/breach/breach_report.jsf
"AU Medical Center, Inc.",Georgia,Healthcare Provider,6109,2017-09-15,Hacking/IT Incident,Email,https://ocrportal.hhs.gov/ocr/breach/breach_report.jsf
Medical Mutual of Ohio,Ohio,Health Plan,6119,2017-09-15,Unauthorized Access/Disclosure,Email,https://ocrportal.hhs.gov/ocr/breach/breach_report.jsf
Children's Hospital Colorado,Colorado,Healthcare Provider,3370,2017-09-08,Hacking/IT Incident,Email,https://ocrportal.hhs.gov/ocr/breach/breach_report.jsf
Network Health,Wisconsin,Health Plan,51232,2017-09-08,Hacking/IT Incident,Email,https://ocrportal.hhs.gov/ocr/breach/breach_report.jsf
Ridgeview Medical Center,Minnesota,Healthcare Provider,1074,2017-09-08,Unauthorized Access/Disclosure,Email,https://ocrportal.hhs.gov/ocr/breach/breach_report.jsf
University of Wisconsin - Madison,Wisconsin,Healthcare Provider,1000,2017-09-07,Unauthorized Access/Disclosure,Paper/Films,https://ocrportal.hhs.gov/ocr/breach/breach_report.jsf
"CBS Consolidated, Inc.",Nebraska,Business Associate,21856,2017-09-05,Hacking/IT Incident,Network Server,https://ocrportal.hhs.gov/ocr/breach/breach_report.jsf
"The Neurology Foundation, Inc.",Rhode Island,Healthcare Provider,12861,2017-09-01,Unauthorized Access/Disclosure,"Desktop Computer, Electronic Medical Record, Network Server, Other Portable Electronic Device, Paper/Films",https://ocrportal.hhs.gov/ocr/breach/breach_report.jsf
Aetna Inc.,Connecticut,Health Plan,11887,2017-08-29,Unauthorized Access/Disclosure,Paper/Films,https://ocrportal.hhs.gov/ocr/breach/breach_report.jsf
Kaleida Health,New York,Healthcare Provider,744,2017-08-25,Hacking/IT Incident,Email,https://ocrportal.hhs.gov/ocr/breach/breach_report.jsf
"McLaren Medical Group, Mid-Michigan Physicians Imaging Center",Michigan,Healthcare Provider,106008,2017-08-24,Hacking/IT Incident,Network Server,https://ocrportal.hhs.gov/ocr/breach/breach_report.jsf
"Centura Health, Mercy Family Medicine",Colorado,Healthcare Provider,2069,2017-08-16,Loss,Other Portable Electronic Device,https://ocrportal.hhs.gov/ocr/breach/breach_report.jsf
Salina Family Healthcare Center,Kansas,Healthcare Provider,77337,2017-08-16,Hacking/IT Incident,"Desktop Computer, Electronic Medical Record, Network Server",https://ocrportal.hhs.gov/ocr/breach/breach_report.jsf
MJHS Home Care,New York,Healthcare Provider,6000,2017-08-11,Hacking/IT Incident,Email,https://ocrportal.hhs.gov/ocr/breach/breach_report.jsf
Silver Cross Hospital,Illinois,Healthcare Provider,8862,2017-08-11,Unauthorized Access/Disclosure,Network Server,https://ocrportal.hhs.gov/ocr/breach/breach_report.jsf
Surgical Dermatology Group,Alabama,Healthcare Provider,14000,2017-08-05,Hacking/IT Incident,Network Server,https://ocrportal.hhs.gov/ocr/breach/breach_report.jsf
"Elderplan, Inc.",New York,Health Plan,22000,2017-08-05,Hacking/IT Incident,Email,https://ocrportal.hhs.gov/ocr/breach/breach_report.jsf
Spectrum Health System,Michigan,Healthcare Provider,902,2017-08-03,Theft,Other Portable Electronic Device,https://ocrportal.hhs.gov/ocr/breach/breach_report.jsf
Bluetail Medical Group,Missouri,Healthcare Provider,11000,2017-08-02,Hacking/IT Incident,Desktop Computer,https://ocrportal.hhs.gov/ocr/breach/breach_report.jsf
Daniel Drake Center for Post-Acute Care,Ohio,Healthcare Provider,4721,2017-08-01,Unauthorized Access/Disclosure,Electronic Medical Record,https://ocrportal.hhs.gov/ocr/breach/breach_report.jsf
Plastic Surgery Associates of South Dakota,South Dakota,Healthcare Provider,10229,2017-07-27,Hacking/IT Incident,Network Server,https://ocrportal.hhs.gov/ocr/breach/breach_report.jsf
"Anthem, Inc.",Indiana,Health Plan,18580,2017-07-24,Unauthorized Access/Disclosure,Email,https://ocrportal.hhs.gov/ocr/breach/breach_report.jsf
The University of Vermont Medical Center,Vermont,Healthcare Provider,2300,2017-07-21,Hacking/IT Incident,Email,https://ocrportal.hhs.gov/ocr/breach/breach_report.jsf
Kaleida Health,New York,Healthcare Provider,2789,2017-07-21,Hacking/IT Incident,Email,https://ocrportal.hhs.gov/ocr/breach/breach_report.jsf
Metropolitan Life Insurance Company,New York,Health Plan,4220,2017-07-19,Unauthorized Access/Disclosure,Other,https://ocrportal.hhs.gov/ocr/breach/breach_report.jsf
"Women's Health Care Group of PA, LLC",Pennsylvania,Healthcare Provider,300000,2017-07-15,Hacking/IT Incident,"Desktop Computer, Network Server",https://ocrportal.hhs.gov/ocr/breach/breach_report.jsf
Detroit Medical Center,Michigan,Healthcare Provider,1529,2017-07-13,Theft,"Desktop Computer, Paper/Films",https://ocrportal.hhs.gov/ocr/breach/breach_report.jsf
Professional Counseling & Medical Associates,Tennessee,Healthcare Provider,2500,2017-07-13,Hacking/IT Incident,Electronic Medical Record,https://ocrportal.hhs.gov/ocr/breach/breach_report.jsf
Rosalind Franklin University of Medicine,Illinois,Healthcare Provider,859,2017-07-09,Hacking/IT Incident,Email,https://ocrportal.hhs.gov/ocr/breach/breach_report.jsf
"Peachtree Neurological Clinic, P.C.",Georgia,Healthcare Provider,176295,2017-07-07,Hacking/IT Incident,Network Server,https://ocrportal.hhs.gov/ocr/breach/breach_report.jsf
The Dermatology Center of Raleigh PA,North Carolina,Healthcare Provider,3000,2017-07-05,Unauthorized Access/Disclosure,Email,https://ocrportal.hhs.gov/ocr/breach/breach_report.jsf
"PVHS-ICM Employee Health and Wellness, LLC as covered entity and business associate",Colorado,Healthcare Provider,10143,2017-07-03,Hacking/IT Incident,Network Server,https://ocrportal.hhs.gov/ocr/breach/breach_report.jsf
Enterprise Services LLC,Colorado,Business Associate,822,2017-06-30,Unauthorized Access/Disclosure,"Network Server, Other",https://ocrportal.hhs.gov/ocr/breach/breach_report.jsf
Community Link Inc,Wisconsin,Health Plan,5524,2017-06-30,Hacking/IT Incident,Email,https://ocrportal.hhs.gov/ocr/breach/breach_report.jsf
California Pacific Orthopaedics and Sports Medicine,California,Healthcare Provider,2263,2017-06-30,Theft,"Laptop, Paper/Films",https://ocrportal.hhs.gov/ocr/breach/breach_report.jsf
FastHealth Corporation,Alabama,Business Associate,9289,2017-06-29,Hacking/IT Incident,Network Server,https://ocrportal.hhs.gov/ocr/breach/breach_report.jsf
Enterprise Services LLC,Indiana,Business Associate,56075,2017-06-27,Unauthorized Access/Disclosure,"Network Server, Other",https://ocrportal.hhs.gov/ocr/breach/breach_report.jsf
GI Care for Kids Endoscopy Center,Georgia,Healthcare Provider,1700,2017-06-27,Hacking/IT Incident,Network Server,https://ocrportal.hhs.gov/ocr/breach/breach_report.jsf
Southern Illinois Hospital Services,Illinois,Healthcare Provider,613,2017-06-23,Unauthorized Access/Disclosure,Network Server,https://ocrportal.hhs.gov/ocr/breach/breach_report.jsf
Pharma Medica Research Inc.,Missouri,Healthcare Provider,2718,2017-06-23,Unauthorized Access/Disclosure,Network Server,https://ocrportal.hhs.gov/ocr/breach/breach_report.jsf
"Adams Industries, Inc.",Nebraska,Health Plan,647,2017-06-21,Hacking/IT Incident,Network Server,https://ocrportal.hhs.gov/ocr/breach/breach_report.jsf
Aetna Inc.,Connecticut,Health Plan,5002,2017-06-20,Unauthorized Access/Disclosure,Network Server,https://ocrportal.hhs.gov/ocr/breach/breach_report.jsf
"Airway Oxygen, Inc.",Michigan,Healthcare Provider,500000,2017-06-16,Hacking/IT Incident,Network Server,https://ocrportal.hhs.gov/ocr/breach/breach_report.jsf
"Cove Family and Sports Medicine, LLC",Alabama,Healthcare Provider,4300,2017-06-12,Hacking/IT Incident,Network Server,https://ocrportal.hhs.gov/ocr/breach/breach_report.jsf
"N. Fred Eaglstein, D.O. d/b/a Dermatology and Laser Center",Florida,Healthcare Provider,2000,2017-05-30,Unauthorized Access/Disclosure,Electronic Medical Record,https://ocrportal.hhs.gov/ocr/breach/breach_report.jsf
UW Health,Wisconsin,Healthcare Provider,2036,2017-05-25,Hacking/IT Incident,Email,https://ocrportal.hhs.gov/ocr/breach/breach_report.jsf
New York City Health and Hospitals Corporation - Coney Island Hospital,New York,Healthcare Provider,3494,2017-05-09,Unauthorized Access/Disclosure,"Other, Paper/Films",https://ocrportal.hhs.gov/ocr/breach/breach_report.jsf
Blue Cross and Blue Shield of Kansas City,Missouri,Health Plan,725,2017-05-05,Unauthorized Access/Disclosure,Other,https://ocrportal.hhs.gov/ocr/breach/breach_report.jsf
Michagan Facial Aesthetic Surgeons d/b/a University Physician Group,Michigan,Healthcare Provider,3467,2017-04-28,Theft,Laptop,https://ocrportal.hhs.gov/ocr/breach/breach_report.jsf
Atlantic Digestive Specialists,New Hampshire,Healthcare Provider,2081,2017-04-21,Hacking/IT Incident,Network Server,https://ocrportal.hhs.gov/ocr/breach/breach_report.jsf
Lifespan Corporation,Rhode Island,Healthcare Provider,20431,2017-04-21,Theft,Laptop,https://ocrportal.hhs.gov/ocr/breach/breach_report.jsf
